{
  "instance0001": {
    "nodes": 5,
    "seed": 19120623,
    "tours": {
      "tour001": [
        1,
        2,
        3,
        1,
        5,
        4
      ],
      "tour002": [
        1,
        5,
        4,
        2,
        1,
        3
      ]
    }
  },
  "instance0002": {
    "nodes": 4,
    "seed": 19120623,
    "tours": {
      "tour001": [
        1,
        2,
        1,
        3,
        4
      ],
      "tour002": [
        1,
        3,
        1,
        2,
        4
      ]
    }
  }
}
